Cluster,0,1
0,41.44951431950966,58.55048568049034
1,50.0,50.0
