{
    "n_clusters": 2,
    "inertia": 210644.47059852726,
    "silhouette_score": 0.10638105641596102,
    "cluster_distribution": {
        "1": 14838,
        "0": 12979
    }
}