{
    "n_clusters": 2,
    "inertia": 210644.47059852746,
    "silhouette_score": 0.106381056415961,
    "cluster_distribution": {
        "1": 14838,
        "0": 12979
    }
}