,id,Age,Academic Pressure,CGPA,Study Satisfaction,Work/Study Hours,Financial Stress,Depression
count,27817.0,27817.0,27817.0,27817.0,27817.0,27817.0,27817.0,27817.0
mean,70441.48207930403,25.805981953481684,3.142215192148686,7.658585487291944,2.9448179171010533,7.159398928712657,3.1399503900492505,0.5857569112413272
std,40648.70561306108,4.872127755753431,1.3809974790852122,1.464639214055111,1.3601826733046034,3.706767014252015,1.4371375339438863,0.4925997111430758
min,2.0,18.0,0.0,5.03,0.0,0.0,1.0,0.0
25%,35039.0,21.0,2.0,6.29,2.0,4.0,2.0,0.0
50%,70703.0,25.0,3.0,7.77,3.0,8.0,3.0,1.0
75%,105814.0,30.0,4.0,8.92,4.0,10.0,4.0,1.0
max,140699.0,39.0,5.0,10.0,5.0,12.0,5.0,1.0
