¿Tiene depresión?,Distribución (%)
Sí,58.575691124132724
No,41.424308875867276
